{"version":6,"validation":{"int8":{"confusion_matrix":[[92,0,0,4,5,0],[3,32,0,12,14,18],[10,0,196,2,2,0],[3,23,8,65,33,18],[3,3,1,6,148,2],[1,20,2,26,35,51]],"classification_report":{"0":{"precision":0.8214285714285714,"recall":0.9108910891089109,"f1-score":0.8638497652582159,"support":101},"1":{"precision":0.41025641025641024,"recall":0.4050632911392405,"f1-score":0.4076433121019108,"support":79},"2":{"precision":0.9468599033816425,"recall":0.9333333333333333,"f1-score":0.9400479616306954,"support":210},"3":{"precision":0.5652173913043478,"recall":0.43333333333333335,"f1-score":0.49056603773584906,"support":150},"4":{"precision":0.6244725738396625,"recall":0.9079754601226994,"f1-score":0.74,"support":163},"5":{"precision":0.5730337078651685,"recall":0.37777777777777777,"f1-score":0.45535714285714285,"support":135},"accuracy":0.6968973747016707,"macro avg":{"precision":0.6568780930126338,"recall":0.6613957141358825,"f1-score":0.6495773699306356,"support":838},"weighted avg":{"precision":0.6899120651885465,"recall":0.6968973747016707,"f1-score":0.683222959231108,"support":838}},"roc_auc":0.9338575983324415,"loss":0.7024290274940446,"support":838,"weighted_average":{"precision":0.6899120651885465,"recall":0.6968973747016707,"f1-score":0.683222959231108},"class_names":["Bronchiectasis","Bronchiolitis","COPD","Healthy","Pneumonia","URTI"]},"float32":{"confusion_matrix":[[91,0,1,4,5,0],[3,25,0,13,16,22],[9,0,197,2,2,0],[3,19,8,66,34,20],[3,3,1,6,147,3],[1,14,2,26,35,57]],"classification_report":{"0":{"precision":0.8272727272727273,"recall":0.900990099009901,"f1-score":0.8625592417061612,"support":101},"1":{"precision":0.4098360655737705,"recall":0.31645569620253167,"f1-score":0.35714285714285715,"support":79},"2":{"precision":0.9425837320574163,"recall":0.9380952380952381,"f1-score":0.9403341288782817,"support":210},"3":{"precision":0.5641025641025641,"recall":0.44,"f1-score":0.49438202247191015,"support":150},"4":{"precision":0.6150627615062761,"recall":0.901840490797546,"f1-score":0.7313432835820896,"support":163},"5":{"precision":0.5588235294117647,"recall":0.4222222222222222,"f1-score":0.48101265822784806,"support":135},"accuracy":0.6957040572792362,"macro avg":{"precision":0.6529468966540866,"recall":0.6532672910545732,"f1-score":0.6444623653348579,"support":838},"weighted avg":{"precision":0.6851861212153061,"recall":0.6957040572792362,"f1-score":0.6815106248764603,"support":838}},"roc_auc":0.9340822437459538,"loss":0.698422041699145,"support":838,"weighted_average":{"precision":0.6851861212153061,"recall":0.6957040572792362,"f1-score":0.6815106248764603},"class_names":["Bronchiectasis","Bronchiolitis","COPD","Healthy","Pneumonia","URTI"]}}}